ticker,event_group,event_types,beta_pair,n_events_raw,event_share,mu,rho,rho_slow,rho_fast,fast_share,beta_slow,beta_fast,neg_loglik,aic,success,n_events_fit,horizon,event_rate_fit,residual_mean,residual_variance,residual_ks_stat,residual_ks_pvalue
AAPL,all,all,"1,100",118497,1.0,0.4266963607520307,0.6672599827116159,0.3543438074535201,0.31291617525809573,0.4689569034043743,1.0,100.0,-6173.8438726106215,-12341.687745221243,True,30000,23399.908994956997,1.2820562681019578,1.0000330128371444,1.013540889156247,0.0464912015612675,9.57265875043475e-57
AAPL,cancel_delete,"2,3","1,100",28689,0.24210739512392718,0.39360110365015744,0.6790276907310389,0.2875091772818293,0.39151851344920957,0.5765869622013531,1.0,100.0,-15214.022424268893,-30422.044848537786,True,28689,23399.242163246996,1.2260653486061008,1.0000349590109352,1.3597248317103032,0.13578682688350088,0.0
AAPL,execution,"4,5","1,100",34990,0.29528173709039046,0.25663970249158746,0.7999123332475018,0.169325997986771,0.6305863352607307,0.7883193058177542,1.0,100.0,-54256.77356748801,-108507.54713497602,True,30000,23399.638136466998,1.2820711083239666,1.0000320404263707,2.159241362692903,0.3391718348032976,0.0
AAPL,limit,1,"1,100",54818,0.46261086778568233,0.4484278346008951,0.6502956705184197,0.3169333645104663,0.33336230600795347,0.5126319013352726,1.0,100.0,-7398.761414341385,-14791.52282868277,True,30000,23399.439833202,1.282081973493755,1.0000336714203781,1.078897377914524,0.05888435802481752,8.964462757162451e-91
AMZN,all,all,"1,100",57515,1.0,0.3584011437569364,0.7205187545518177,0.2275642218892453,0.4929545326625724,0.6841661366180587,1.0,100.0,-29604.23037523595,-59202.4607504719,True,30000,23399.941957546995,1.2820544621190542,1.0000327072712225,1.6868873516163703,0.1520581664271895,0.0
AMZN,cancel_delete,"2,3","1,100",18251,0.3173259149787012,0.2634524087912387,0.6623489258092694,0.23791334059468378,0.42443558521458563,0.6408036137387901,1.0,100.0,-6159.763590997758,-12313.527181995516,True,18251,23397.680329292998,0.7800345907431878,1.0000550816481533,1.694745438877549,0.1498484629625362,0.0
AMZN,execution,"4,5","1,100",11419,0.1985395114318004,0.11105053110828662,0.7726407850185878,0.13558691785676538,0.6370538671618224,0.8245149356780286,1.0,100.0,-17071.08735904754,-34136.17471809508,True,11419,23399.528379662996,0.4880012885184679,1.000089065875344,2.3508721492208435,0.3420763222639489,0.0
AMZN,limit,1,"1,100",27845,0.4841345735894984,0.3487358773757198,0.7069873016116172,0.21404457032558824,0.4929427312860289,0.6972441091407701,1.0,100.0,-26064.908396278788,-52123.816792557576,True,27845,23399.768664789997,1.189969029133985,1.0000414269672808,1.8363488426774606,0.1946037878531536,0.0
GOOG,all,all,"1,100",49482,1.0,0.33467127817373626,0.739022687007375,0.1742477813461824,0.5647749056611925,0.7642186303484299,1.0,100.0,-43697.181181919936,-87388.36236383987,True,30000,23399.305662676,1.2820893248919218,1.00002574136971,1.697530954311315,0.2177675271126816,0.0
GOOG,cancel_delete,"2,3","1,100",13436,0.27153308273715693,0.19382097352483232,0.6625594460954135,0.2253595646046502,0.43719988149076333,0.6598651397504991,1.0,100.0,-4252.279520755712,-8498.559041511424,True,13436,23395.670190521003,0.574294298499888,1.0000744400337465,1.354744920838494,0.13574536697519637,1.8602317713780493e-215
GOOG,execution,"4,5","1,100",11678,0.23600501192352774,0.10731890988654079,0.7851174456796424,0.10097672095780776,0.6841407247218346,0.8713864766176523,1.0,100.0,-23034.370116540318,-46062.740233080636,True,11678,23398.942648953995,0.49908238056739895,1.0000876051527214,3.051965258763849,0.4151715965969973,0.0
GOOG,limit,1,"1,100",24368,0.49246190533931533,0.3298541045134239,0.6833213151366714,0.189101025417746,0.49422028971892534,0.7232619249116737,1.0,100.0,-23204.006167012176,-46402.01233402435,True,24368,23399.166564423,1.0414046129766883,1.0000423517115273,1.5293456704448098,0.18957971759954348,0.0
INTC,all,all,"1,100",404986,1.0,0.3819182321522263,0.7021598567025832,0.12397348113397245,0.5781863755686107,0.8234398051233447,1.0,100.0,-58422.495061652706,-116838.99012330541,True,30000,23399.943103891,1.2820543993122584,1.0000371172597806,1.6923505340737828,0.16420735305976875,0.0
INTC,cancel_delete,"2,3","1,100",170272,0.4204392250596317,0.3724451182650641,0.7095576764178219,0.14723973181260847,0.5623179446052133,0.7924908196949635,1.0,100.0,-54446.41214887341,-108886.82429774682,True,30000,23399.811731036003,1.2820615971114815,1.0000411043216118,1.806341832765124,0.13371193470429896,0.0
INTC,execution,"4,5","1,100",32483,0.08020771088383302,0.12892558700452023,0.8994940397015138,0.056684195434844,0.8428098442666697,0.9369821333628248,1.0,100.0,-120969.0787252702,-241932.1574505404,True,30000,23399.942731388,1.2820544197212447,1.000028965959501,10.735904363595747,0.6701957232627289,0.0
INTC,limit,1,"1,100",202231,0.4993530640565353,0.40012348394841113,0.6879473067936573,0.10209601099064386,0.5858512958030134,0.8515932688704215,1.0,100.0,-60889.8228377861,-121773.6456755722,True,30000,23399.933605998,1.2820549196904658,1.000033359719432,1.9435876226341504,0.19361720464025012,0.0
MSFT,all,all,"1,100",411409,1.0,0.30655853391897875,0.7609266068700361,0.126451224752494,0.6344753821175421,0.8338194201506066,1.0,100.0,-67638.84050977851,-135271.68101955703,True,30000,23399.868323966002,1.2820584964264172,1.0000289437859993,1.9971563216249297,0.21560775573546173,0.0
MSFT,cancel_delete,"2,3","1,100",172300,0.4188046445264931,0.29091192030828517,0.7731448139071586,0.1665437702155549,0.6066010436916037,0.7845891646431532,1.0,100.0,-60154.86459024134,-120303.72918048268,True,30000,23399.658455762998,1.2820699950264203,1.000032190711061,1.80639433666662,0.16260902892010812,0.0
MSFT,execution,"4,5","1,100",33414,0.08121844684972862,0.1297240779510134,0.8988754366855018,0.04778354069688578,0.8510918959886161,0.946840753738825,1.0,100.0,-120629.35082019462,-241252.70164038925,True,30000,23399.867945971004,1.2820585171364358,1.000048472976856,10.041002838263491,0.6799712652370197,0.0
MSFT,limit,1,"1,100",205695,0.4999769086237783,0.3234071181171046,0.747786046380047,0.08165646099900899,0.666129585381038,0.8908023740289094,1.0,100.0,-75273.78468939663,-150541.56937879327,True,30000,23399.528187933996,1.2820771324555829,1.0000332839063788,2.5833683508660137,0.269421354756205,0.0
